<?xml version="1.0" encoding="UTF-8"?>
<beans xmlns="http://www.springframework.org/schema/beans"
	xmlns:xsi="http://www.w3.org/2001/XMLSchema-instance"
	xsi:schemaLocation="http://www.springframework.org/schema/beans
        http://www.springframework.org/schema/beans/spring-beans.xsd">

	<bean id="userdao" class="com.infosys.javaweb.dao.UserDaoImpl"></bean>

	<bean id="userService" class="com.infosys.javaweb.service.UserService"> 
		<property name="userDao" ref="userdao"></property> 
	</bean> 

	<!-- <bean id="userService" class="com.infosys.javaweb.service.UserService"> 
		<constructor-arg name="userDao" ref="userdao"></constructor-arg> </bean> -->
</beans>
